Código IBGE;Municípios;   Ano   ;População;Porte Populacional
3500105;Adamantina;2021; 33.869 ;Até 50 mil
3500204;Adolfo;2021; 3.436 ;Até 50 mil
3500303;Aguaí;2021; 35.885 ;Até 50 mil
3500402;Águas da Prata;2021; 7.807 ;Até 50 mil
3500501;Águas de Lindóia;2021; 18.438 ;Até 50 mil
3500550;Águas de Santa Bárbara;2021; 5.957 ;Até 50 mil
3500600;Águas de São Pedro;2021; 3.144 ;Até 50 mil
3500709;Agudos;2021; 36.255 ;Até 50 mil
3500758;Alambari;2021; 5.856 ;Até 50 mil
3500808;Alfredo Marcondes;2021; 3.924 ;Até 50 mil
3500907;Altair;2021; 4.052 ;Até 50 mil
3501004;Altinópolis;2021; 15.547 ;Até 50 mil
3501103;Alto Alegre;2021; 4.006 ;Até 50 mil
3501152;Alumínio;2021; 18.069 ;Até 50 mil
3501202;Álvares Florence;2021; 3.596 ;Até 50 mil
3501301;Álvares Machado;2021; 23.828 ;Até 50 mil
3501400;Álvaro de Carvalho;2021; 5.079 ;Até 50 mil
3501509;Alvinlândia;2021; 3.190 ;Até 50 mil
3501608;Americana;2021; 235.075 ;De 200 a 500 mil
3501707;Américo Brasiliense;2021; 40.676 ;Até 50 mil
3501806;Américo de Campos;2021; 5.730 ;Até 50 mil
3501905;Amparo;2021; 69.861 ;De 50 a 100 mil
3502002;Analândia;2021; 4.895 ;Até 50 mil
3502101;Andradina;2021; 56.087 ;De 50 a 100 mil
3502200;Angatuba;2021; 24.697 ;Até 50 mil
3502309;Anhembi;2021; 6.755 ;Até 50 mil
3502408;Anhumas;2021; 3.983 ;Até 50 mil
3502507;Aparecida;2021; 35.744 ;Até 50 mil
3502606;Aparecida d'Oeste;2021; 4.105 ;Até 50 mil
3502705;Apiaí;2021; 24.711 ;Até 50 mil
3502754;Araçariguama;2021; 21.289 ;Até 50 mil
3502804;Araçatuba;2021; 190.921 ;De 100 a 200 mil
3502903;Araçoiaba da Serra;2021; 32.846 ;Até 50 mil
3503000;Aramina;2021; 5.515 ;Até 50 mil
3503109;Arandu;2021; 6.168 ;Até 50 mil
3503158;Arapeí;2021; 2.469 ;Até 50 mil
3503208;Araraquara;2021; 228.792 ;De 200 a 500 mil
3503307;Araras;2021; 131.931 ;De 100 a 200 mil
3503356;Arco-Íris;2021; 1.806 ;Até 50 mil
3503406;Arealva;2021; 8.223 ;Até 50 mil
3503505;Areias;2021; 3.860 ;Até 50 mil
3503604;Areiópolis;2021; 10.900 ;Até 50 mil
3503703;Ariranha;2021; 9.378 ;Até 50 mil
3503802;Artur Nogueira;2021; 53.224 ;De 50 a 100 mil
3503901;Arujá;2021; 90.958 ;De 50 a 100 mil
3503950;Aspásia;2021; 1.760 ;Até 50 mil
3504008;Assis;2021; 101.825 ;De 100 a 200 mil
3504107;Atibaia;2021; 140.589 ;De 100 a 200 mil
3504206;Auriflama;2021; 14.478 ;Até 50 mil
3504305;Avaí;2021; 5.314 ;Até 50 mil
3504404;Avanhandava;2021; 12.188 ;Até 50 mil
3504503;Avaré;2021; 87.854 ;De 50 a 100 mil
3504602;Bady Bassitt;2021; 16.441 ;Até 50 mil
3504701;Balbinos;2021; 3.707 ;Até 50 mil
3504800;Bálsamo;2021; 8.542 ;Até 50 mil
3504909;Bananal;2021; 10.691 ;Até 50 mil
3505005;Barão de Antonina;2021; 3.407 ;Até 50 mil
3505104;Barbosa;2021; 7.345 ;Até 50 mil
3505203;Bariri;2021; 34.180 ;Até 50 mil
3505302;Barra Bonita;2021; 34.864 ;Até 50 mil
3505351;Barra do Chapéu;2021; 5.561 ;Até 50 mil
3505401;Barra do Turvo;2021; 7.709 ;Até 50 mil
3505500;Barretos;2021; 118.419 ;De 100 a 200 mil
3505609;Barrinha;2021; 32.658 ;Até 50 mil
3505708;Barueri;2021; 266.236 ;De 200 a 500 mil
3505807;Bastos;2021; 20.296 ;Até 50 mil
3505906;Batatais;2021; 60.502 ;De 50 a 100 mil
3506003;Bauru;2021; 365.523 ;De 200 a 500 mil
3506102;Bebedouro;2021; 73.969 ;De 50 a 100 mil
3506201;Bento de Abreu;2021; 2.966 ;Até 50 mil
3506300;Bernardino de Campos;2021; 10.793 ;Até 50 mil
3506359;Bertioga;2021; 64.526 ;De 50 a 100 mil
3506409;Bilac;2021; 7.855 ;Até 50 mil
3506508;Birigui;2021; 122.161 ;De 100 a 200 mil
3506607;Biritiba Mirim;2021; 32.683 ;Até 50 mil
3506706;Boa Esperança do Sul;2021; 14.658 ;Até 50 mil
3506805;Bocaina;2021; 12.243 ;Até 50 mil
3506904;Bofete;2021; 11.194 ;Até 50 mil
3507001;Boituva;2021; 57.987 ;De 50 a 100 mil
3507100;Bom Jesus dos Perdões;2021; 24.625 ;Até 50 mil
3507159;Bom Sucesso de Itararé;2021; 3.894 ;Até 50 mil
3507209;Borá;2021; 811 ;Até 50 mil
3507308;Boracéia;2021; 4.798 ;Até 50 mil
3507407;Borborema;2021; 15.370 ;Até 50 mil
3507456;Borebi;2021; 2.602 ;Até 50 mil
3507506;Botucatu;2021; 142.092 ;De 100 a 200 mil
3507605;Bragança Paulista;2021; 165.241 ;De 100 a 200 mil
3507704;Braúna;2021; 5.593 ;Até 50 mil
3507753;Brejo Alegre;2021; 2.780 ;Até 50 mil
3507803;Brodowski;2021; 24.132 ;Até 50 mil
3507902;Brotas;2021; 24.039 ;Até 50 mil
3508009;Buri;2021; 19.819 ;Até 50 mil
3508108;Buritama;2021; 16.673 ;Até 50 mil
3508207;Buritizal;2021; 4.323 ;Até 50 mil
3508306;Cabrália Paulista;2021; 4.306 ;Até 50 mil
3508405;Cabreúva;2021; 50.112 ;De 50 a 100 mil
3508504;Caçapava;2021; 91.646 ;De 50 a 100 mil
3508603;Cachoeira Paulista;2021; 32.381 ;Até 50 mil
3508702;Caconde;2021; 18.893 ;Até 50 mil
3508801;Cafelândia;2021; 17.286 ;Até 50 mil
3508900;Caiabu;2021; 4.104 ;Até 50 mil
3509007;Caieiras;2021; 101.748 ;De 100 a 200 mil
3509106;Caiuá;2021; 5.642 ;Até 50 mil
3509205;Cajamar;2021; 78.786 ;De 50 a 100 mil
3509254;Cajati;2021; 29.116 ;Até 50 mil
3509304;Cajobi;2021; 10.124 ;Até 50 mil
3509403;Cajuru;2021; 25.850 ;Até 50 mil
3509452;Campina do Monte Alegre;2021; 5.832 ;Até 50 mil
3509502;Campinas;2021; 1.181.555 ;Mais de 500 mil
3509601;Campo Limpo Paulista;2021; 83.530 ;De 50 a 100 mil
3509700;Campos do Jordão;2021; 50.307 ;De 50 a 100 mil
3509809;Campos Novos Paulista;2021; 4.841 ;Até 50 mil
3509908;Cananéia;2021; 12.379 ;Até 50 mil
3509957;Canas;2021; 5.120 ;Até 50 mil
3510005;Cândido Mota;2021; 30.010 ;Até 50 mil
3510104;Cândido Rodrigues;2021; 2.672 ;Até 50 mil
3510153;Canitar;2021; 5.051 ;Até 50 mil
3510203;Capão Bonito;2021; 46.521 ;Até 50 mil
3510302;Capela do Alto;2021; 20.828 ;Até 50 mil
3510401;Capivari;2021; 54.686 ;De 50 a 100 mil
3510500;Caraguatatuba;2021; 117.090 ;De 100 a 200 mil
3510609;Carapicuíba;2021; 396.447 ;De 200 a 500 mil
3510708;Cardoso;2021; 11.712 ;Até 50 mil
3510807;Casa Branca;2021; 29.549 ;Até 50 mil
3510906;Cássia dos Coqueiros;2021; 2.486 ;Até 50 mil
3511003;Castilho;2021; 20.937 ;Até 50 mil
3511102;Catanduva;2021; 117.414 ;De 100 a 200 mil
3511201;Catiguá;2021; 7.555 ;Até 50 mil
3511300;Cedral;2021; 8.895 ;Até 50 mil
3511409;Cerqueira César;2021; 19.350 ;Até 50 mil
3511508;Cerquilho;2021; 46.932 ;Até 50 mil
3511607;Cesário Lange;2021; 17.360 ;Até 50 mil
3511706;Charqueada;2021; 17.075 ;Até 50 mil
3511904;Clementina;2021; 8.413 ;Até 50 mil
3512001;Colina;2021; 17.606 ;Até 50 mil
3512100;Colômbia;2021; 6.048 ;Até 50 mil
3512209;Conchal;2021; 27.445 ;Até 50 mil
3512308;Conchas;2021; 17.203 ;Até 50 mil
3512407;Cordeirópolis;2021; 24.615 ;Até 50 mil
3512506;Coroados;2021; 5.971 ;Até 50 mil
3512605;Coronel Macedo;2021; 4.839 ;Até 50 mil
3512704;Corumbataí;2021; 3.969 ;Até 50 mil
3512803;Cosmópolis;2021; 72.215 ;De 50 a 100 mil
3512902;Cosmorama;2021; 6.976 ;Até 50 mil
3513009;Cotia;2021; 251.382 ;De 200 a 500 mil
3513108;Cravinhos;2021; 34.637 ;Até 50 mil
3513207;Cristais Paulista;2021; 8.494 ;Até 50 mil
3513306;Cruzália;2021; 2.105 ;Até 50 mil
3513405;Cruzeiro;2021; 80.128 ;De 50 a 100 mil
3513504;Cubatão;2021; 130.025 ;De 100 a 200 mil
3513603;Cunha;2021; 21.660 ;Até 50 mil
3513702;Descalvado;2021; 32.516 ;Até 50 mil
3513801;Diadema;2021; 405.596 ;De 200 a 500 mil
3513850;Dirce Reis;2021; 1.715 ;Até 50 mil
3513900;Divinolândia;2021; 10.865 ;Até 50 mil
3514007;Dobrada;2021; 8.985 ;Até 50 mil
3514106;Dois Córregos;2021; 27.151 ;Até 50 mil
3514205;Dolcinópolis;2021; 2.033 ;Até 50 mil
3514304;Dourado;2021; 8.466 ;Até 50 mil
3514403;Dracena;2021; 45.088 ;Até 50 mil
3514502;Duartina;2021; 11.941 ;Até 50 mil
3514601;Dumont;2021; 9.659 ;Até 50 mil
3514700;Echaporã;2021; 6.208 ;Até 50 mil
3514809;Eldorado;2021; 15.331 ;Até 50 mil
3514908;Elias Fausto;2021; 17.459 ;Até 50 mil
3514924;Elisiário;2021; 3.518 ;Até 50 mil
3514957;Embaúba;2021; 2.406 ;Até 50 mil
3515004;Embu;2021; 273.266 ;De 200 a 500 mil
3515103;Embu-Guaçu;2021; 68.565 ;De 50 a 100 mil
3515129;Emilianópolis;2021; 3.069 ;Até 50 mil
3515152;Engenheiro Coelho;2021; 20.884 ;Até 50 mil
3515186;Espírito Santo do Pinhal;2021; 42.639 ;Até 50 mil
3515194;Espírito Santo do Turvo;2021; 4.850 ;Até 50 mil
3515202;Estrela d'Oeste;2021; 8.083 ;Até 50 mil
3515301;Estrela do Norte;2021; 2.668 ;Até 50 mil
3515350;Euclides da Cunha Paulista;2021; 9.549 ;Até 50 mil
3515400;Fartura;2021; 15.679 ;Até 50 mil
3515509;Fernandópolis;2021; 66.131 ;De 50 a 100 mil
3515608;Fernando Prestes;2021; 5.568 ;Até 50 mil
3515657;Fernão;2021; 1.656 ;Até 50 mil
3515707;Ferraz de Vasconcelos;2021; 195.168 ;De 100 a 200 mil
3515806;Flora Rica;2021; 1.575 ;Até 50 mil
3515905;Floreal;2021; 2.842 ;Até 50 mil
3516002;Flórida Paulista;2021; 12.060 ;Até 50 mil
3516101;Florínia;2021; 2.697 ;Até 50 mil
3516200;Franca;2021; 343.801 ;De 200 a 500 mil
3516309;Francisco Morato;2021; 176.346 ;De 100 a 200 mil
3516408;Franco da Rocha;2021; 153.903 ;De 100 a 200 mil
3516507;Gabriel Monteiro;2021; 2.677 ;Até 50 mil
3516606;Gália;2021; 6.537 ;Até 50 mil
3516705;Garça;2021; 42.385 ;Até 50 mil
3516804;Gastão Vidigal;2021; 4.811 ;Até 50 mil
3516853;Gavião Peixoto;2021; 4.627 ;Até 50 mil
3516903;General Salgado;2021; 10.632 ;Até 50 mil
3517000;Getulina;2021; 10.856 ;Até 50 mil
3517109;Glicério;2021; 4.762 ;Até 50 mil
3517208;Guaiçara;2021; 12.045 ;Até 50 mil
3517307;Guaimbê;2021; 5.547 ;Até 50 mil
3517406;Guaíra;2021; 39.154 ;Até 50 mil
3517505;Guapiaçu;2021; 21.060 ;Até 50 mil
3517604;Guapiara;2021; 17.832 ;Até 50 mil
3517703;Guará;2021; 20.907 ;Até 50 mil
3517802;Guaraçai;2021; 8.400 ;Até 50 mil
3517901;Guaraci;2021; 11.050 ;Até 50 mil
3518008;Guarani d'Oeste;2021; 1.917 ;Até 50 mil
3518107;Guarantã;2021; 6.485 ;Até 50 mil
3518206;Guararapes;2021; 32.160 ;Até 50 mil
3518305;Guararema;2021; 29.736 ;Até 50 mil
3518404;Guaratinguetá;2021; 118.741 ;De 100 a 200 mil
3518503;Guareí;2021; 15.844 ;Até 50 mil
3518602;Guariba;2021; 39.285 ;Até 50 mil
3518701;Guarujá;2021; 318.774 ;De 200 a 500 mil
3518800;Guarulhos;2021; 1.361.862 ;Mais de 500 mil
3518859;Guatapará;2021; 7.482 ;Até 50 mil
3518909;Guzolândia;2021; 5.134 ;Até 50 mil
3519006;Herculândia;2021; 9.310 ;Até 50 mil
3519055;Holambra;2021; 14.711 ;Até 50 mil
3519071;Hortolândia;2021; 233.548 ;De 200 a 500 mil
3519105;Iacanga;2021; 11.410 ;Até 50 mil
3519204;Iacri;2021; 6.255 ;Até 50 mil
3519253;Iaras;2021; 6.943 ;Até 50 mil
3519303;Ibaté;2021; 35.044 ;Até 50 mil
3519402;Ibirá;2021; 12.132 ;Até 50 mil
3519501;Ibirarema;2021; 7.570 ;Até 50 mil
3519600;Ibitinga;2021; 58.860 ;De 50 a 100 mil
3519709;Ibiúna;2021; 76.867 ;De 50 a 100 mil
3519808;Icém;2021; 8.077 ;Até 50 mil
3519907;Iepê;2021; 7.943 ;Até 50 mil
3520004;Igaraçu do Tietê;2021; 24.206 ;Até 50 mil
3520103;Igarapava;2021; 29.560 ;Até 50 mil
3520202;Igaratá;2021; 9.354 ;Até 50 mil
3520301;Iguape;2021; 29.555 ;Até 50 mil
3520400;Ilhabela;2021; 33.821 ;Até 50 mil
3520426;Ilha Comprida;2021; 10.410 ;Até 50 mil
3520442;Ilha Solteira;2021; 25.754 ;Até 50 mil
3520509;Indaiatuba;2021; 245.366 ;De 200 a 500 mil
3520608;Indiana;2021; 4.771 ;Até 50 mil
3520707;Indiaporã;2021; 3.847 ;Até 50 mil
3520806;Inúbia Paulista;2021; 3.913 ;Até 50 mil
3520905;Ipaussu;2021; 14.578 ;Até 50 mil
3521002;Iperó;2021; 34.800 ;Até 50 mil
3521101;Ipeúna;2021; 7.711 ;Até 50 mil
3521150;Ipiguá;2021; 5.286 ;Até 50 mil
3521200;Iporanga;2021; 4.424 ;Até 50 mil
3521309;Ipuã;2021; 16.001 ;Até 50 mil
3521408;Iracemápolis;2021; 23.907 ;Até 50 mil
3521507;Irapuã;2021; 7.767 ;Até 50 mil
3521606;Irapuru;2021; 7.295 ;Até 50 mil
3521705;Itaberá;2021; 17.615 ;Até 50 mil
3521804;Itaí;2021; 26.725 ;Até 50 mil
3521903;Itajobi;2021; 14.602 ;Até 50 mil
3522000;Itaju;2021; 3.688 ;Até 50 mil
3522109;Itanhaém;2021; 99.751 ;De 50 a 100 mil
3522158;Itaóca;2021; 3.187 ;Até 50 mil
3522208;Itapecerica da Serra;2021; 171.123 ;De 100 a 200 mil
3522307;Itapetininga;2021; 161.509 ;De 100 a 200 mil
3522406;Itapeva;2021; 92.123 ;De 50 a 100 mil
3522505;Itapevi;2021; 241.150 ;De 200 a 500 mil
3522604;Itapira;2021; 71.609 ;De 50 a 100 mil
3522653;Itapirapuã Paulista;2021; 4.214 ;Até 50 mil
3522703;Itápolis;2021; 41.648 ;Até 50 mil
3522802;Itaporanga;2021; 14.710 ;Até 50 mil
3522901;Itapuí;2021; 13.913 ;Até 50 mil
3523008;Itapura;2021; 4.965 ;Até 50 mil
3523107;Itaquaquecetuba;2021; 374.997 ;De 200 a 500 mil
3523206;Itararé;2021; 49.149 ;Até 50 mil
3523305;Itariri;2021; 17.442 ;Até 50 mil
3523404;Itatiba;2021; 119.084 ;De 100 a 200 mil
3523503;Itatinga;2021; 20.752 ;Até 50 mil
3523602;Itirapina;2021; 17.284 ;Até 50 mil
3523701;Itirapuã;2021; 6.311 ;Até 50 mil
3523800;Itobi;2021; 7.608 ;Até 50 mil
3523909;Itu;2021; 170.938 ;De 100 a 200 mil
3524006;Itupeva;2021; 60.255 ;De 50 a 100 mil
3524105;Ituverava;2021; 40.333 ;Até 50 mil
3524204;Jaborandi;2021; 6.681 ;Até 50 mil
3524303;Jaboticabal;2021; 74.352 ;De 50 a 100 mil
3524402;Jacareí;2021; 229.163 ;De 200 a 500 mil
3524501;Jaci;2021; 7.052 ;Até 50 mil
3524600;Jacupiranga;2021; 17.237 ;Até 50 mil
3524709;Jaguariúna;2021; 55.477 ;De 50 a 100 mil
3524808;Jales;2021; 47.242 ;Até 50 mil
3524907;Jambeiro;2021; 6.272 ;Até 50 mil
3525003;Jandira;2021; 124.940 ;De 100 a 200 mil
3525102;Jardinópolis;2021; 43.258 ;Até 50 mil
3525201;Jarinu;2021; 30.330 ;Até 50 mil
3525300;Jaú;2021; 148.613 ;De 100 a 200 mil
3525409;Jeriquara;2021; 3.141 ;Até 50 mil
3525508;Joanópolis;2021; 12.720 ;Até 50 mil
3525607;João Ramalho;2021; 4.404 ;Até 50 mil
3525706;José Bonifácio;2021; 36.229 ;Até 50 mil
3525805;Júlio Mesquita;2021; 4.658 ;Até 50 mil
3525854;Jumirim;2021; 3.343 ;Até 50 mil
3525904;Jundiaí;2021; 409.439 ;De 200 a 500 mil
3526001;Junqueirópolis;2021; 20.174 ;Até 50 mil
3526100;Juquiá;2021; 18.856 ;Até 50 mil
3526209;Juquitiba;2021; 30.579 ;Até 50 mil
3526308;Lagoinha;2021; 4.821 ;Até 50 mil
3526407;Laranjal Paulista;2021; 28.042 ;Até 50 mil
3526506;Lavínia;2021; 8.476 ;Até 50 mil
3526605;Lavrinhas;2021; 7.218 ;Até 50 mil
3526704;Leme;2021; 101.693 ;De 100 a 200 mil
3526803;Lençóis Paulista;2021; 66.695 ;De 50 a 100 mil
3526902;Limeira;2021; 297.662 ;De 200 a 500 mil
3527009;Lindóia;2021; 7.789 ;Até 50 mil
3527108;Lins;2021; 75.318 ;De 50 a 100 mil
3527207;Lorena;2021; 86.952 ;De 50 a 100 mil
3527256;Lourdes;2021; 2.183 ;Até 50 mil
3527306;Louveira;2021; 48.965 ;Até 50 mil
3527405;Lucélia;2021; 21.092 ;Até 50 mil
3527504;Lucianópolis;2021; 2.264 ;Até 50 mil
3527603;Luís Antônio;2021; 14.358 ;Até 50 mil
3527702;Luiziânia;2021; 5.813 ;Até 50 mil
3527801;Lupércio;2021; 4.428 ;Até 50 mil
3527900;Lutécia;2021; 2.615 ;Até 50 mil
3528007;Macatuba;2021; 16.981 ;Até 50 mil
3528106;Macaubal;2021; 7.738 ;Até 50 mil
3528205;Macedônia;2021; 3.562 ;Até 50 mil
3528304;Magda;2021; 3.076 ;Até 50 mil
3528403;Mairinque;2021; 46.569 ;Até 50 mil
3528502;Mairiporã;2021; 100.034 ;De 100 a 200 mil
3528601;Manduri;2021; 9.562 ;Até 50 mil
3528700;Marabá Paulista;2021; 4.942 ;Até 50 mil
3528809;Maracaí;2021; 13.526 ;Até 50 mil
3528858;Marapoama;2021; 2.925 ;Até 50 mil
3528908;Mariápolis;2021; 3.979 ;Até 50 mil
3529005;Marília;2021; 232.599 ;De 200 a 500 mil
3529104;Marinópolis;2021; 2.096 ;Até 50 mil
3529203;Martinópolis;2021; 25.778 ;Até 50 mil
3529302;Matão;2021; 80.174 ;De 50 a 100 mil
3529401;Mauá;2021; 463.338 ;De 200 a 500 mil
3529500;Mendonça;2021; 5.069 ;Até 50 mil
3529609;Meridiano;2021; 3.725 ;Até 50 mil
3529658;Mesópolis;2021; 1.893 ;Até 50 mil
3529708;Miguelópolis;2021; 21.500 ;Até 50 mil
3529807;Mineiros do Tietê;2021; 12.641 ;Até 50 mil
3529906;Miracatu;2021; 19.961 ;Até 50 mil
3530003;Mira Estrela;2021; 2.949 ;Até 50 mil
3530102;Mirandópolis;2021; 28.715 ;Até 50 mil
3530201;Mirante do Paranapanema;2021; 17.831 ;Até 50 mil
3530300;Mirassol;2021; 58.112 ;De 50 a 100 mil
3530409;Mirassolândia;2021; 4.736 ;Até 50 mil
3530508;Mococa;2021; 66.719 ;De 50 a 100 mil
3530607;Mogi das Cruzes;2021; 436.883 ;De 200 a 500 mil
3530706;Mogi-Guaçu;2021; 149.071 ;De 100 a 200 mil
3530805;Moji Mirim;2021; 90.657 ;De 50 a 100 mil
3530904;Mombuca;2021; 3.338 ;Até 50 mil
3531001;Monções;2021; 2.173 ;Até 50 mil
3531100;Mongaguá;2021; 55.216 ;De 50 a 100 mil
3531209;Monte Alegre do Sul;2021; 7.792 ;Até 50 mil
3531308;Monte Alto;2021; 48.469 ;Até 50 mil
3531407;Monte Aprazível;2021; 23.561 ;Até 50 mil
3531506;Monte Azul Paulista;2021; 18.131 ;Até 50 mil
3531605;Monte Castelo;2021; 3.985 ;Até 50 mil
3531704;Monteiro Lobato;2021; 4.491 ;Até 50 mil
3531803;Monte Mor;2021; 60.555 ;De 50 a 100 mil
3531902;Morro Agudo;2021; 32.603 ;Até 50 mil
3532009;Morungaba;2021; 13.359 ;Até 50 mil
3532058;Motuca;2021; 4.665 ;Até 50 mil
3532108;Murutinga do Sul;2021; 4.283 ;Até 50 mil
3532157;Nantes;2021; 3.103 ;Até 50 mil
3532207;Narandiba;2021; 4.888 ;Até 50 mil
3532306;Natividade da Serra;2021; 6.703 ;Até 50 mil
3532405;Nazaré Paulista;2021; 18.611 ;Até 50 mil
3532504;Neves Paulista;2021; 8.592 ;Até 50 mil
3532603;Nhandeara;2021; 10.760 ;Até 50 mil
3532702;Nipoã;2021; 5.014 ;Até 50 mil
3532801;Nova Aliança;2021; 6.487 ;Até 50 mil
3532827;Nova Campina;2021; 9.787 ;Até 50 mil
3532843;Nova Canaã Paulista;2021; 1.921 ;Até 50 mil
3532868;Nova Castilho;2021; 1.180 ;Até 50 mil
3532900;Nova Europa;2021; 10.863 ;Até 50 mil
3533007;Nova Granada;2021; 21.054 ;Até 50 mil
3533106;Nova Guataporanga;2021; 2.192 ;Até 50 mil
3533205;Nova Independência;2021; 3.774 ;Até 50 mil
3533254;Novais;2021; 5.575 ;Até 50 mil
3533304;Nova Lusitânia;2021; 4.083 ;Até 50 mil
3533403;Nova Odessa;2021; 58.490 ;De 50 a 100 mil
3533502;Novo Horizonte;2021; 39.124 ;Até 50 mil
3533601;Nuporanga;2021; 7.297 ;Até 50 mil
3533700;Ocauçu;2021; 4.143 ;Até 50 mil
3533809;Óleo;2021; 2.517 ;Até 50 mil
3533908;Olímpia;2021; 52.670 ;De 50 a 100 mil
3534005;Onda Verde;2021; 4.250 ;Até 50 mil
3534104;Oriente;2021; 6.275 ;Até 50 mil
3534203;Orindiúva;2021; 6.951 ;Até 50 mil
3534302;Orlândia;2021; 42.436 ;Até 50 mil
3534401;Osasco;2021; 682.876 ;Mais de 500 mil
3534500;Oscar Bressane;2021; 2.508 ;Até 50 mil
3534609;Osvaldo Cruz;2021; 31.256 ;Até 50 mil
3534708;Ourinhos;2021; 111.039 ;De 100 a 200 mil
3534757;Ouroeste;2021; 9.871 ;Até 50 mil
3534807;Ouro Verde;2021; 8.306 ;Até 50 mil
3534906;Pacaembu;2021; 13.041 ;Até 50 mil
3535002;Palestina;2021; 12.220 ;Até 50 mil
3535101;Palmares Paulista;2021; 13.154 ;Até 50 mil
3535200;Palmeira d'Oeste;2021; 9.092 ;Até 50 mil
3535309;Palmital;2021; 21.609 ;Até 50 mil
3535408;Panorama;2021; 15.253 ;Até 50 mil
3535507;Paraguaçu Paulista;2021; 44.310 ;Até 50 mil
3535606;Paraibuna;2021; 18.304 ;Até 50 mil
3535705;Paraíso;2021; 6.293 ;Até 50 mil
3535804;Paranapanema;2021; 20.151 ;Até 50 mil
3535903;Paranapuã;2021; 3.895 ;Até 50 mil
3536000;Parapuã;2021; 10.473 ;Até 50 mil
3536109;Pardinho;2021; 6.467 ;Até 50 mil
3536208;Pariquera-Açu;2021; 19.311 ;Até 50 mil
3536257;Parisi;2021; 2.053 ;Até 50 mil
3536307;Patrocínio Paulista;2021; 14.592 ;Até 50 mil
3536406;Paulicéia;2021; 7.213 ;Até 50 mil
3536505;Paulínia;2021; 106.781 ;De 100 a 200 mil
3536570;Paulistânia;2021; 1.769 ;Até 50 mil
3536604;Paulo de Faria;2021; 8.520 ;Até 50 mil
3536703;Pederneiras;2021; 45.877 ;Até 50 mil
3536802;Pedra Bela;2021; 5.974 ;Até 50 mil
3536901;Pedranópolis;2021; 2.412 ;Até 50 mil
3537008;Pedregulho;2021; 16.319 ;Até 50 mil
3537107;Pedreira;2021; 46.908 ;Até 50 mil
3537156;Pedrinhas Paulista;2021; 3.015 ;Até 50 mil
3537206;Pedro de Toledo;2021; 11.055 ;Até 50 mil
3537305;Penápolis;2021; 60.902 ;De 50 a 100 mil
3537404;Pereira Barreto;2021; 25.411 ;Até 50 mil
3537503;Pereiras;2021; 8.507 ;Até 50 mil
3537602;Peruíbe;2021; 66.747 ;De 50 a 100 mil
3537701;Piacatu;2021; 5.936 ;Até 50 mil
3537800;Piedade;2021; 53.656 ;De 50 a 100 mil
3537909;Pilar do Sul;2021; 28.355 ;Até 50 mil
3538006;Pindamonhangaba;2021; 164.753 ;De 100 a 200 mil
3538105;Pindorama;2021; 16.331 ;Até 50 mil
3538204;Pinhalzinho;2021; 14.877 ;Até 50 mil
3538303;Piquerobi;2021; 3.532 ;Até 50 mil
3538501;Piquete;2021; 13.621 ;Até 50 mil
3538600;Piracaia;2021; 26.379 ;Até 50 mil
3538709;Piracicaba;2021; 391.464 ;De 200 a 500 mil
3538808;Piraju;2021; 28.552 ;Até 50 mil
3538907;Pirajuí;2021; 23.274 ;Até 50 mil
3539004;Pirangi;2021; 10.825 ;Até 50 mil
3539103;Pirapora do Bom Jesus;2021; 19.139 ;Até 50 mil
3539202;Pirapozinho;2021; 27.425 ;Até 50 mil
3539301;Pirassununga;2021; 73.921 ;De 50 a 100 mil
3539400;Piratininga;2021; 13.305 ;Até 50 mil
3539509;Pitangueiras;2021; 38.852 ;Até 50 mil
3539608;Planalto;2021; 5.221 ;Até 50 mil
3539707;Platina;2021; 3.528 ;Até 50 mil
3539806;Poá;2021; 116.289 ;De 100 a 200 mil
3539905;Poloni;2021; 5.681 ;Até 50 mil
3540002;Pompéia;2021; 21.384 ;Até 50 mil
3540101;Pongaí;2021; 3.340 ;Até 50 mil
3540200;Pontal;2021; 49.889 ;Até 50 mil
3540259;Pontalinda;2021; 4.515 ;Até 50 mil
3540309;Pontes Gestal;2021; 2.530 ;Até 50 mil
3540408;Populina;2021; 3.977 ;Até 50 mil
3540507;Porangaba;2021; 9.380 ;Até 50 mil
3540606;Porto Feliz;2021; 51.907 ;De 50 a 100 mil
3540705;Porto Ferreira;2021; 54.274 ;De 50 a 100 mil
3540754;Potim;2021; 20.815 ;Até 50 mil
3540804;Potirendaba;2021; 16.677 ;Até 50 mil
3540853;Pracinha;2021; 2.921 ;Até 50 mil
3540903;Pradópolis;2021; 21.167 ;Até 50 mil
3541000;Praia Grande;2021; 321.008 ;De 200 a 500 mil
3541059;Pratânia;2021; 5.210 ;Até 50 mil
3541109;Presidente Alves;2021; 4.011 ;Até 50 mil
3541208;Presidente Bernardes;2021; 13.713 ;Até 50 mil
3541307;Presidente Epitácio;2021; 42.484 ;Até 50 mil
3541406;Presidente Prudente;2021; 221.938 ;De 200 a 500 mil
3541505;Presidente Venceslau;2021; 37.981 ;Até 50 mil
3541604;Promissão;2021; 40.001 ;Até 50 mil
3541653;Quadra;2021; 3.745 ;Até 50 mil
3541703;Quatá;2021; 14.025 ;Até 50 mil
3541802;Queiroz;2021; 3.319 ;Até 50 mil
3541901;Queluz;2021; 12.735 ;Até 50 mil
3542008;Quitana;2021; 6.539 ;Até 50 mil
3542107;Rafard;2021; 9.014 ;Até 50 mil
3542206;Rancharia;2021; 28.855 ;Até 50 mil
3542305;Redenção da Serra;2021; 3.834 ;Até 50 mil
3542404;Regente Feijó;2021; 19.556 ;Até 50 mil
3542503;Reginópolis;2021; 7.204 ;Até 50 mil
3542602;Registro;2021; 54.270 ;De 50 a 100 mil
3542701;Restinga;2021; 7.575 ;Até 50 mil
3542800;Ribeira;2021; 3.240 ;Até 50 mil
3542909;Ribeirão Bonito;2021; 13.033 ;Até 50 mil
3543006;Ribeirão Branco;2021; 17.683 ;Até 50 mil
3543105;Ribeirão Corrente;2021; 4.698 ;Até 50 mil
3543204;Ribeirão do Sul;2021; 4.351 ;Até 50 mil
3543238;Ribeirão dos Índios;2021; 2.135 ;Até 50 mil
3543253;Ribeirão Grande;2021; 7.515 ;Até 50 mil
3543303;Ribeirão Pires;2021; 119.339 ;De 100 a 200 mil
3543402;Ribeirão Preto;2021; 688.894 ;Mais de 500 mil
3543501;Riversul;2021; 5.686 ;Até 50 mil
3543600;Rifaina;2021; 3.470 ;Até 50 mil
3543709;Rincão;2021; 10.506 ;Até 50 mil
3543808;Rinópolis;2021; 9.700 ;Até 50 mil
3543907;Rio Claro;2021; 202.289 ;De 200 a 500 mil
3544004;Rio das Pedras;2021; 34.768 ;Até 50 mil
3544103;Rio Grande da Serra;2021; 50.313 ;De 50 a 100 mil
3544202;Riolândia;2021; 11.501 ;Até 50 mil
3544251;Rosana;2021; 18.320 ;Até 50 mil
3544301;Roseira;2021; 10.723 ;Até 50 mil
3544400;Rubiácea;2021; 3.138 ;Até 50 mil
3544509;Rubinéia;2021; 2.996 ;Até 50 mil
3544608;Sabino;2021; 5.485 ;Até 50 mil
3544707;Sagres;2021; 2.362 ;Até 50 mil
3544806;Sales;2021; 6.082 ;Até 50 mil
3544905;Sales Oliveira;2021; 11.580 ;Até 50 mil
3545001;Salesópolis;2021; 16.945 ;Até 50 mil
3545100;Salmourão;2021; 5.138 ;Até 50 mil
3545159;Saltinho;2021; 7.898 ;Até 50 mil
3545209;Salto;2021; 116.089 ;De 100 a 200 mil
3545308;Salto de Pirapora;2021; 44.522 ;Até 50 mil
3545407;Salto Grande;2021; 9.125 ;Até 50 mil
3545506;Sandovalina;2021; 4.257 ;Até 50 mil
3545605;Santa Adélia;2021; 14.929 ;Até 50 mil
3545704;Santa Albertina;2021; 5.657 ;Até 50 mil
3545803;Santa Bárbara d'Oeste;2021; 189.330 ;De 100 a 200 mil
3546009;Santa Branca;2021; 14.212 ;Até 50 mil
3546108;Santa Clara d'Oeste;2021; 1.998 ;Até 50 mil
3546207;Santa Cruz da Conceição;2021; 4.372 ;Até 50 mil
3546256;Santa Cruz da Esperança;2021; 2.086 ;Até 50 mil
3546306;Santa Cruz das Palmeiras;2021; 34.031 ;Até 50 mil
3546405;Santa Cruz do Rio Pardo;2021; 46.276 ;Até 50 mil
3546504;Santa Ernestina;2021; 5.527 ;Até 50 mil
3546603;Santa Fé do Sul;2021; 30.897 ;Até 50 mil
3546702;Santa Gertrudes;2021; 26.572 ;Até 50 mil
3546801;Santa Isabel;2021; 55.436 ;De 50 a 100 mil
3546900;Santa Lucia;2021; 8.590 ;Até 50 mil
3547007;Santa Maria da Serra;2021; 6.208 ;Até 50 mil
3547106;Santa Mercedes;2021; 2.814 ;Até 50 mil
3547205;Santana da Ponte Pensa;2021; 1.497 ;Até 50 mil
3547304;Santana de Parnaíba;2021; 140.616 ;De 100 a 200 mil
3547403;Santa Rita d'Oeste;2021; 2.389 ;Até 50 mil
3547502;Santa Rita do Passa Quatro;2021; 26.355 ;Até 50 mil
3547601;Santa Rosa do Viterbo;2021; 25.732 ;Até 50 mil
3547650;Santa Salete;2021; 1.438 ;Até 50 mil
3547700;Santo Anastácio;2021; 20.106 ;Até 50 mil
3547809;Santo André;2021; 694.681 ;Mais de 500 mil
3547908;Santo Antonio da Alegria;2021; 6.661 ;Até 50 mil
3548005;Santo Antonio da Posse;2021; 23.027 ;Até 50 mil
3548054;Santo Antonio do Aracanguá;2021; 8.297 ;Até 50 mil
3548104;Santo Antonio do Jardim;2021; 5.823 ;Até 50 mil
3548203;Santo Antonio do Pinhal;2021; 6.643 ;Até 50 mil
3548302;Santo Expedito;2021; 2.986 ;Até 50 mil
3548401;Santópolis do Aguapeí;2021; 4.698 ;Até 50 mil
3548500;Santos;2021; 429.513 ;De 200 a 500 mil
3548609;São Bento do Sapucaí;2021; 10.539 ;Até 50 mil
3548708;São Bernardo do Campo;2021; 815.109 ;Mais de 500 mil
3548807;São Caetano do Sul;2021; 151.111 ;De 100 a 200 mil
3548906;São Carlos;2021; 244.036 ;De 200 a 500 mil
3549003;São Francisco;2021; 2.667 ;Até 50 mil
3549102;São João da Boa Vista;2021; 87.537 ;De 50 a 100 mil
3549201;São João das Duas Pontes;2021; 2.466 ;Até 50 mil
3549250;São João de Iracema;2021; 1.853 ;Até 50 mil
3549300;São João do Pau d'Alho;2021; 1.973 ;Até 50 mil
3549409;São Joaquim da Barra;2021; 50.553 ;De 50 a 100 mil
3549508;São José da Bela Vista;2021; 8.762 ;Até 50 mil
3549607;São José do Barreiro;2021; 4.073 ;Até 50 mil
3549706;São José do Rio Pardo;2021; 53.277 ;De 50 a 100 mil
3549805;São José do Rio Preto;2021; 450.361 ;De 200 a 500 mil
3549904;São José dos Campos;2021; 716.688 ;Mais de 500 mil
3549953;São Lourenço da Serra;2021; 15.721 ;Até 50 mil
3550001;São Luís do Paraitinga;2021; 10.584 ;Até 50 mil
3550100;São Manuel;2021; 39.678 ;Até 50 mil
3550209;São Miguel Arcanjo;2021; 32.115 ;Até 50 mil
3550308;São Paulo;2021; 11.914.851 ;Mais de 500 mil
3550407;São Pedro;2021; 34.408 ;Até 50 mil
3550506;São Pedro do Turvo;2021; 7.389 ;Até 50 mil
3550605;São Roque;2021; 88.032 ;De 50 a 100 mil
3550704;São Sebastião;2021; 88.156 ;De 50 a 100 mil
3550803;São Sebastião da Grama;2021; 11.929 ;Até 50 mil
3550902;São Simão;2021; 14.891 ;Até 50 mil
3551009;São Vicente;2021; 360.262 ;De 200 a 500 mil
3551108;Sarapuí;2021; 10.206 ;Até 50 mil
3551207;Sarutaiá;2021; 3.652 ;Até 50 mil
3551306;Sebastianópolis do Sul;2021; 3.304 ;Até 50 mil
3551405;Serra Azul;2021; 12.381 ;Até 50 mil
3551504;Serrana;2021; 44.870 ;Até 50 mil
3551603;Serra Negra;2021; 27.486 ;Até 50 mil
3551702;Sertãozinho;2021; 123.148 ;De 100 a 200 mil
3551801;Sete Barras;2021; 12.643 ;Até 50 mil
3551900;Severínia;2021; 17.263 ;Até 50 mil
3552007;Silveiras;2021; 6.240 ;Até 50 mil
3552106;Socorro;2021; 38.896 ;Até 50 mil
3552205;Sorocaba;2021; 663.739 ;Mais de 500 mil
3552304;Sud Mennucci;2021; 7.728 ;Até 50 mil
3552403;Sumaré;2021; 286.462 ;De 200 a 500 mil
3552502;Suzano;2021; 293.464 ;De 200 a 500 mil
3552551;Suzanópolis;2021; 3.990 ;Até 50 mil
3552601;Tabapuã;2021; 11.918 ;Até 50 mil
3552700;Tabatinga;2021; 15.996 ;Até 50 mil
3552809;Taboão da Serra;2021; 287.155 ;De 200 a 500 mil
3552908;Taciba;2021; 6.081 ;Até 50 mil
3553005;Taguaí;2021; 13.503 ;Até 50 mil
3553104;Taiaçu;2021; 6.048 ;Até 50 mil
3553203;Taiúva;2021; 6.265 ;Até 50 mil
3553302;Tambaú;2021; 22.846 ;Até 50 mil
3553401;Tanabi;2021; 25.147 ;Até 50 mil
3553500;Tapiraí;2021; 7.705 ;Até 50 mil
3553609;Tapiratiba;2021; 12.602 ;Até 50 mil
3553658;Taquaral;2021; 2.753 ;Até 50 mil
3553708;Taquaritinga;2021; 54.531 ;De 50 a 100 mil
3553807;Taquarituba;2021; 23.246 ;Até 50 mil
3553856;Taquarivaí;2021; 5.803 ;Até 50 mil
3553906;Tarabaí;2021; 7.327 ;Até 50 mil
3553955;Tarumã;2021; 14.951 ;Até 50 mil
3554003;Tatuí;2021; 121.202 ;De 100 a 200 mil
3554102;Taubaté;2021; 309.483 ;De 200 a 500 mil
3554201;Tejupá;2021; 4.707 ;Até 50 mil
3554300;Teodoro Sampaio;2021; 22.495 ;Até 50 mil
3554409;Terra Roxa;2021; 9.170 ;Até 50 mil
3554508;Tietê;2021; 41.405 ;Até 50 mil
3554607;Timburi;2021; 2.551 ;Até 50 mil
3554656;Torre de Pedra;2021; 2.325 ;Até 50 mil
3554706;Torrinha;2021; 9.736 ;Até 50 mil
3554755;Trabiju;2021; 1.716 ;Até 50 mil
3554805;Tremembé;2021; 46.364 ;Até 50 mil
3554904;Três Fronteiras;2021; 5.550 ;Até 50 mil
3554953;Tuiuti;2021; 6.597 ;Até 50 mil
3555000;Tupã;2021; 62.720 ;De 50 a 100 mil
3555109;Tupi Paulista;2021; 14.877 ;Até 50 mil
3555208;Turiúba;2021; 1.905 ;Até 50 mil
3555307;Turmalina;2021; 1.789 ;Até 50 mil
3555356;Ubarana;2021; 6.126 ;Até 50 mil
3555406;Ubatuba;2021; 89.782 ;De 50 a 100 mil
3555505;Ubirajara;2021; 4.684 ;Até 50 mil
3555604;Uchôa;2021; 9.689 ;Até 50 mil
3555703;União Paulista;2021; 1.751 ;Até 50 mil
3555802;Urânia;2021; 8.584 ;Até 50 mil
3555901;Uru;2021; 1.203 ;Até 50 mil
3556008;Urupês;2021; 13.181 ;Até 50 mil
3556107;Valentim Gentil;2021; 12.897 ;Até 50 mil
3556206;Valinhos;2021; 125.800 ;De 100 a 200 mil
3556305;Valparaíso;2021; 24.099 ;Até 50 mil
3556354;Vargem;2021; 10.094 ;Até 50 mil
3556404;Vargem Grande do Sul;2021; 41.684 ;Até 50 mil
3556453;Vargem Grande Paulista;2021; 53.613 ;De 50 a 100 mil
3556503;Várzea Paulista;2021; 121.482 ;De 100 a 200 mil
3556602;Vera Cruz;2021; 10.506 ;Até 50 mil
3556701;Vinhedo;2021; 78.440 ;De 50 a 100 mil
3556800;Viradouro;2021; 18.421 ;Até 50 mil
3556909;Vista Alegre do Alto;2021; 8.091 ;Até 50 mil
3556958;Vitória Brasil;2021; 1.761 ;Até 50 mil
3557006;Votorantim;2021; 120.662 ;De 100 a 200 mil
3557105;Votuporanga;2021; 92.193 ;De 50 a 100 mil
3557154;Zacarias;2021; 2.574 ;Até 50 mil
3557204;Chavantes;2021; 12.229 ;Até 50 mil
3557303;Estiva Gerbi;2021; 11.156 ;Até 50 mil
;;;;
